Key,Server,Value,Time Stamp
Key1,Loc1,1,1575747720
Key1,Loc2,2,1575747720
Key2,Loc1,3,1575747720
Key2,Loc2,4,1575747720
Key1,Loc1,5,1575747725
Key1,Loc2,6,1575747725
Key2,Loc1,7,1575747725
Key2,Loc2,8,1575747725
Key1,Loc1,9,1575747730
Key1,Loc2,10,1575747730
Key2,Loc1,11,1575747730
Key2,Loc2,12,1575747730
Key1,Loc1,13,1575747735
Key1,Loc2,14,1575747735
Key2,Loc1,15,1575747735
Key2,Loc2,16,1575747735
Key1,Loc1,17,1575747740
Key1,Loc2,18,1575747740
Key2,Loc1,19,1575747740
Key2,Loc2,20,1575747740
Key1,Loc1,21,1575747745
Key1,Loc2,22,1575747745
Key2,Loc1,23,1575747745
Key2,Loc2,24,1575747745
Key1,Loc1,25,1575747750
Key1,Loc2,26,1575747750
Key2,Loc1,27,1575747750
Key2,Loc2,28,1575747750
Key1,Loc1,29,1575747755
Key1,Loc2,30,1575747755
Key2,Loc1,31,1575747755
Key2,Loc2,32,1575747755
Key1,Loc1,33,1575747760
Key1,Loc2,34,1575747760
Key2,Loc1,35,1575747760
Key2,Loc2,36,1575747760
Key1,Loc1,37,1575747765
Key1,Loc2,38,1575747765
Key2,Loc1,39,1575747765
Key2,Loc2,40,1575747765
Key1,Loc1,41,1575747770
Key1,Loc2,42,1575747770
Key2,Loc1,43,1575747770
Key2,Loc2,44,1575747770
Key1,Loc1,45,1575747775
Key1,Loc2,46,1575747775
Key2,Loc1,47,1575747775
Key2,Loc2,48,1575747775
Key1,Loc1,49,1575747780
Key1,Loc2,50,1575747780
Key2,Loc1,51,1575747780
Key2,Loc2,52,1575747780
Key1,Loc1,53,1575747785
Key1,Loc2,54,1575747785
Key2,Loc1,55,1575747785
Key2,Loc2,56,1575747785
Key1,Loc1,57,1575747790
Key1,Loc2,58,1575747790
Key2,Loc1,59,1575747790
Key2,Loc2,60,1575747790
Key1,Loc1,61,1575747795
Key1,Loc2,62,1575747795
Key2,Loc1,63,1575747795
Key2,Loc2,64,1575747795
Key1,Loc1,65,1575747800
Key1,Loc2,66,1575747800
Key2,Loc1,67,1575747800
Key2,Loc2,68,1575747800
Key1,Loc1,69,1575747805
Key1,Loc2,70,1575747805
Key2,Loc1,71,1575747805
Key2,Loc2,72,1575747805
Key1,Loc1,73,1575747810
Key1,Loc2,74,1575747810
Key2,Loc1,75,1575747810
Key2,Loc2,76,1575747810
Key1,Loc1,77,1575747815
Key1,Loc2,78,1575747815
Key2,Loc1,79,1575747815
Key2,Loc2,80,1575747815
Key1,Loc1,81,1575747820
Key1,Loc2,82,1575747820
Key2,Loc1,83,1575747820
Key2,Loc2,84,1575747820
Key1,Loc1,85,1575747820
Key1,Loc2,86,1575747820
Key2,Loc1,87,1575747820
Key2,Loc2,88,1575747820
Key1,Loc1,89,1575747825
Key1,Loc2,90,1575747825
Key2,Loc1,91,1575747825
Key2,Loc2,92,1575747825
Key1,Loc1,93,1575747825
Key1,Loc2,94,1575747825
Key2,Loc1,95,1575747825
Key2,Loc2,96,1575747825
Key1,Loc1,97,1575747830
Key1,Loc2,98,1575747830
Key2,Loc1,99,1575747830
Key2,Loc2,100,1575747830
Key1,Loc1,101,1575747830
Key1,Loc2,102,1575747830
Key2,Loc1,103,1575747830
Key2,Loc2,104,1575747830
Key1,Loc1,105,1575747835
Key1,Loc2,106,1575747835
Key2,Loc1,107,1575747835
Key2,Loc2,108,1575747835
Key1,Loc1,109,1575747835
Key1,Loc2,110,1575747835
Key2,Loc1,111,1575747835
Key2,Loc2,112,1575747835
Key1,Loc1,113,1575747840
Key1,Loc2,114,1575747840
Key2,Loc1,115,1575747840
Key2,Loc2,116,1575747840
Key1,Loc1,117,1575747845
Key1,Loc2,118,1575747845
Key2,Loc1,119,1575747845
Key2,Loc2,120,1575747845
Key1,Loc1,121,1575747850
Key1,Loc2,122,1575747850
Key2,Loc1,123,1575747850
Key2,Loc2,124,1575747850
Key1,Loc1,125,1575747855
Key1,Loc2,126,1575747855
Key2,Loc1,127,1575747855
Key2,Loc2,128,1575747855
Key1,Loc1,129,1575747860
Key1,Loc2,130,1575747860
Key2,Loc1,131,1575747860
Key2,Loc2,132,1575747860
Key1,Loc1,133,1575747865
Key1,Loc2,134,1575747865
Key2,Loc1,135,1575747865
Key2,Loc2,136,1575747865
Key1,Loc1,137,1575747870
Key1,Loc2,138,1575747870
Key2,Loc1,139,1575747870
Key2,Loc2,140,1575747870
Key1,Loc1,141,1575747875
Key1,Loc2,142,1575747875
Key2,Loc1,143,1575747875
Key2,Loc2,144,1575747875
Key1,Loc1,145,1575747880
Key1,Loc2,146,1575747880
Key2,Loc1,147,1575747880
Key2,Loc2,148,1575747880
Key1,Loc1,149,1575747885
Key1,Loc2,150,1575747885
Key2,Loc1,151,1575747885
Key2,Loc2,152,1575747885
Key1,Loc1,153,1575747890
Key1,Loc2,154,1575747890
Key2,Loc1,155,1575747890
Key2,Loc2,156,1575747890
Key1,Loc1,157,1575747895
Key1,Loc2,158,1575747895
Key2,Loc1,159,1575747895
Key2,Loc2,160,1575747895
Key1,Loc1,161,1575747900
Key1,Loc2,162,1575747900
Key2,Loc1,163,1575747900
Key2,Loc2,164,1575747900
Key1,Loc1,165,1575747905
Key1,Loc2,166,1575747905
Key2,Loc1,167,1575747905
Key2,Loc2,168,1575747905
Key1,Loc1,169,1575747910
Key1,Loc2,170,1575747910
Key2,Loc1,171,1575747910
Key2,Loc2,172,1575747910
Key1,Loc1,173,1575747915
Key1,Loc2,174,1575747915
Key2,Loc1,175,1575747915
Key2,Loc2,176,1575747915
Key1,Loc1,177,1575747920
Key1,Loc2,178,1575747920
Key2,Loc1,179,1575747920
Key2,Loc2,180,1575747920
Key1,Loc1,181,1575747925
Key1,Loc2,182,1575747925
Key2,Loc1,183,1575747925
Key2,Loc2,184,1575747925
Key1,Loc1,185,1575747930
Key1,Loc2,186,1575747930
Key2,Loc1,187,1575747930
Key2,Loc2,188,1575747930
Key1,Loc1,189,1575747935
Key1,Loc2,190,1575747935
Key2,Loc1,191,1575747935
Key2,Loc2,192,1575747935
Key1,Loc1,193,1575748220
Key1,Loc2,194,1575748220
Key2,Loc1,195,1575748220
Key2,Loc2,196,1575748220
Key1,Loc1,197,1575748225
Key1,Loc2,198,1575748225
Key2,Loc1,199,1575748225
Key2,Loc2,200,1575748225
Key1,Loc1,201,1575748230
Key1,Loc2,202,1575748230
Key2,Loc1,203,1575748230
Key2,Loc2,204,1575748230
Key1,Loc1,205,1575748235
Key1,Loc2,206,1575748235
Key2,Loc1,207,1575748235
Key2,Loc2,208,1575748235
Key1,Loc1,209,1575748240
Key1,Loc2,210,1575748240
Key2,Loc1,211,1575748240
Key2,Loc2,212,1575748240
Key1,Loc1,213,1575748245
Key1,Loc2,214,1575748245
Key2,Loc1,215,1575748245
Key2,Loc2,216,1575748245
Key1,Loc1,217,1575748250
Key1,Loc2,218,1575748250
Key2,Loc1,219,1575748250
Key2,Loc2,220,1575748250
Key1,Loc1,221,1575748255
Key1,Loc2,222,1575748255
Key2,Loc1,223,1575748255
Key2,Loc2,224,1575748255
Key1,Loc1,225,1575748260
Key1,Loc2,226,1575748260
Key2,Loc1,227,1575748260
Key2,Loc2,228,1575748260
Key1,Loc1,229,1575748265
Key1,Loc2,230,1575748265
Key2,Loc1,231,1575748265
Key2,Loc2,232,1575748265
Key1,Loc1,233,1575748270
Key1,Loc2,234,1575748270
Key2,Loc1,235,1575748270
Key2,Loc2,236,1575748270
Key1,Loc1,237,1575748275
Key1,Loc2,238,1575748275
Key2,Loc1,239,1575748275
Key2,Loc2,240,1575748275
Key1,Loc1,241,1575748280
Key1,Loc2,242,1575748280
Key2,Loc1,243,1575748280
Key2,Loc2,244,1575748280
Key1,Loc1,245,1575748285
Key1,Loc2,246,1575748285
Key2,Loc1,247,1575748285
Key2,Loc2,248,1575748285
Key1,Loc1,249,1575748290
Key1,Loc2,250,1575748290
Key2,Loc1,251,1575748290
Key2,Loc2,252,1575748290
Key1,Loc1,253,1575748295
Key1,Loc2,254,1575748295
Key2,Loc1,255,1575748295
Key2,Loc2,256,1575748295
Key1,Loc1,257,1575748300
Key1,Loc2,258,1575748300
Key2,Loc1,259,1575748300
Key2,Loc2,260,1575748300
Key1,Loc1,261,1575748305
Key1,Loc2,262,1575748305
Key2,Loc1,263,1575748305
Key2,Loc2,264,1575748305
Key1,Loc1,265,1575748310
Key1,Loc2,266,1575748310
Key2,Loc1,267,1575748310
Key2,Loc2,268,1575748310
Key1,Loc1,269,1575748315
Key1,Loc2,270,1575748315
Key2,Loc1,271,1575748315
Key2,Loc2,272,1575748315
Key1,Loc1,273,1575748320
Key1,Loc2,274,1575748320
Key2,Loc1,275,1575748320
Key2,Loc2,276,1575748320
Key1,Loc1,277,1575748320
Key1,Loc2,278,1575748320
Key2,Loc1,279,1575748320
Key2,Loc2,280,1575748320
Key1,Loc1,281,1575748325
Key1,Loc2,282,1575748325
Key2,Loc1,283,1575748325
Key2,Loc2,284,1575748325
Key1,Loc1,285,1575748325
Key1,Loc2,286,1575748325
Key2,Loc1,287,1575748325
Key2,Loc2,288,1575748325
Key1,Loc1,289,1575748330
Key1,Loc2,290,1575748330
Key2,Loc1,291,1575748330
Key2,Loc2,292,1575748330
Key1,Loc1,293,1575748330
Key1,Loc2,294,1575748330
Key2,Loc1,295,1575748330
Key2,Loc2,296,1575748330
Key1,Loc1,297,1575748335
Key1,Loc2,298,1575748335
Key2,Loc1,299,1575748335
Key2,Loc2,300,1575748335
Key1,Loc1,301,1575748335
Key1,Loc2,302,1575748335
Key2,Loc1,303,1575748335
Key2,Loc2,304,1575748335
Key1,Loc1,305,1575748340
Key1,Loc2,306,1575748340
Key2,Loc1,307,1575748340
Key2,Loc2,308,1575748340
Key1,Loc1,309,1575748345
Key1,Loc2,310,1575748345
Key2,Loc1,311,1575748345
Key2,Loc2,312,1575748345
Key1,Loc1,313,1575748350
Key1,Loc2,314,1575748350
Key2,Loc1,315,1575748350
Key2,Loc2,316,1575748350
Key1,Loc1,317,1575748355
Key1,Loc2,318,1575748355
Key2,Loc1,319,1575748355
Key2,Loc2,320,1575748355
Key1,Loc1,321,1575748360
Key1,Loc2,322,1575748360
Key2,Loc1,323,1575748360
Key2,Loc2,324,1575748360
Key1,Loc1,325,1575748365
Key1,Loc2,326,1575748365
Key2,Loc1,327,1575748365
Key2,Loc2,328,1575748365
Key1,Loc1,329,1575748370
Key1,Loc2,330,1575748370
Key2,Loc1,331,1575748370
Key2,Loc2,332,1575748370
Key1,Loc1,333,1575748375
Key1,Loc2,334,1575748375
Key2,Loc1,335,1575748375
Key2,Loc2,336,1575748375
Key1,Loc1,337,1575748380
Key1,Loc2,338,1575748380
Key2,Loc1,339,1575748380
Key2,Loc2,340,1575748380
Key1,Loc1,341,1575748385
Key1,Loc2,342,1575748385
Key2,Loc1,343,1575748385
Key2,Loc2,344,1575748385
Key1,Loc1,345,1575748390
Key1,Loc2,346,1575748390
Key2,Loc1,347,1575748390
Key2,Loc2,348,1575748390
Key1,Loc1,349,1575748395
Key1,Loc2,350,1575748395
Key2,Loc1,351,1575748395
Key2,Loc2,352,1575748395
Key1,Loc1,353,1575748400
Key1,Loc2,354,1575748400
Key2,Loc1,355,1575748400
Key2,Loc2,356,1575748400
Key1,Loc1,357,1575748405
Key1,Loc2,358,1575748405
Key2,Loc1,359,1575748405
Key2,Loc2,360,1575748405
Key1,Loc1,361,1575748410
Key1,Loc2,362,1575748410
Key2,Loc1,363,1575748410
Key2,Loc2,364,1575748410
Key1,Loc1,365,1575748415
Key1,Loc2,366,1575748415
Key2,Loc1,367,1575748415
Key2,Loc2,368,1575748415
Key1,Loc1,369,1575748420
Key1,Loc2,370,1575748420
Key2,Loc1,371,1575748420
Key2,Loc2,372,1575748420
Key1,Loc1,373,1575748425
Key1,Loc2,374,1575748425
Key2,Loc1,375,1575748425
Key2,Loc2,376,1575748425
Key1,Loc1,377,1575748430
Key1,Loc2,378,1575748430
Key2,Loc1,379,1575748430
Key2,Loc2,380,1575748430
Key1,Loc1,381,1575748435
Key1,Loc2,382,1575748435
Key2,Loc1,383,1575748435
Key2,Loc2,384,1575748435
Key1,Loc1,385,1575748720
Key1,Loc2,386,1575748720
Key2,Loc1,387,1575748720
Key2,Loc2,388,1575748720
Key1,Loc1,389,1575748725
Key1,Loc2,390,1575748725
Key2,Loc1,391,1575748725
Key2,Loc2,392,1575748725
Key1,Loc1,393,1575748730
Key1,Loc2,394,1575748730
Key2,Loc1,395,1575748730
Key2,Loc2,396,1575748730
Key1,Loc1,397,1575748735
Key1,Loc2,398,1575748735
Key2,Loc1,399,1575748735
Key2,Loc2,400,1575748735
Key1,Loc1,401,1575748740
Key1,Loc2,402,1575748740
Key2,Loc1,403,1575748740
Key2,Loc2,404,1575748740
Key1,Loc1,405,1575748745
Key1,Loc2,406,1575748745
Key2,Loc1,407,1575748745
Key2,Loc2,408,1575748745
Key1,Loc1,409,1575748750
Key1,Loc2,410,1575748750
Key2,Loc1,411,1575748750
Key2,Loc2,412,1575748750
Key1,Loc1,413,1575748755
Key1,Loc2,414,1575748755
Key2,Loc1,415,1575748755
Key2,Loc2,416,1575748755
Key1,Loc1,417,1575748760
Key1,Loc2,418,1575748760
Key2,Loc1,419,1575748760
Key2,Loc2,420,1575748760
Key1,Loc1,421,1575748765
Key1,Loc2,422,1575748765
Key2,Loc1,423,1575748765
Key2,Loc2,424,1575748765
Key1,Loc1,425,1575748770
Key1,Loc2,426,1575748770
Key2,Loc1,427,1575748770
Key2,Loc2,428,1575748770
Key1,Loc1,429,1575748775
Key1,Loc2,430,1575748775
Key2,Loc1,431,1575748775
Key2,Loc2,432,1575748775
Key1,Loc1,433,1575748780
Key1,Loc2,434,1575748780
Key2,Loc1,435,1575748780
Key2,Loc2,436,1575748780
Key1,Loc1,437,1575748785
Key1,Loc2,438,1575748785
Key2,Loc1,439,1575748785
Key2,Loc2,440,1575748785
Key1,Loc1,441,1575748790
Key1,Loc2,442,1575748790
Key2,Loc1,443,1575748790
Key2,Loc2,444,1575748790
Key1,Loc1,445,1575748795
Key1,Loc2,446,1575748795
Key2,Loc1,447,1575748795
Key2,Loc2,448,1575748795
Key1,Loc1,449,1575748800
Key1,Loc2,450,1575748800
Key2,Loc1,451,1575748800
Key2,Loc2,452,1575748800
Key1,Loc1,453,1575748805
Key1,Loc2,454,1575748805
Key2,Loc1,455,1575748805
Key2,Loc2,456,1575748805
Key1,Loc1,457,1575748810
Key1,Loc2,458,1575748810
Key2,Loc1,459,1575748810
Key2,Loc2,460,1575748810
Key1,Loc1,461,1575748815
Key1,Loc2,462,1575748815
Key2,Loc1,463,1575748815
Key2,Loc2,464,1575748815
Key1,Loc1,465,1575748820
Key1,Loc2,466,1575748820
Key2,Loc1,467,1575748820
Key2,Loc2,468,1575748820
Key1,Loc1,469,1575748820
Key1,Loc2,470,1575748820
Key2,Loc1,471,1575748820
Key2,Loc2,472,1575748820
Key1,Loc1,473,1575748825
Key1,Loc2,474,1575748825
Key2,Loc1,475,1575748825
Key2,Loc2,476,1575748825
Key1,Loc1,477,1575748825
Key1,Loc2,478,1575748825
Key2,Loc1,479,1575748825
Key2,Loc2,480,1575748825
Key1,Loc1,481,1575748830
Key1,Loc2,482,1575748830
Key2,Loc1,483,1575748830
Key2,Loc2,484,1575748830
Key1,Loc1,485,1575748830
Key1,Loc2,486,1575748830
Key2,Loc1,487,1575748830
Key2,Loc2,488,1575748830
Key1,Loc1,489,1575748835
Key1,Loc2,490,1575748835
Key2,Loc1,491,1575748835
Key2,Loc2,492,1575748835
Key1,Loc1,493,1575748835
Key1,Loc2,494,1575748835
Key2,Loc1,495,1575748835
Key2,Loc2,496,1575748835
Key1,Loc1,497,1575748840
Key1,Loc2,498,1575748840
Key2,Loc1,499,1575748840
Key2,Loc2,500,1575748840
Key1,Loc1,501,1575748845
Key1,Loc2,502,1575748845
Key2,Loc1,503,1575748845
Key2,Loc2,504,1575748845
Key1,Loc1,505,1575748850
Key1,Loc2,506,1575748850
Key2,Loc1,507,1575748850
Key2,Loc2,508,1575748850
Key1,Loc1,509,1575748855
Key1,Loc2,510,1575748855
Key2,Loc1,511,1575748855
Key2,Loc2,512,1575748855
Key1,Loc1,513,1575748860
Key1,Loc2,514,1575748860
Key2,Loc1,515,1575748860
Key2,Loc2,516,1575748860
Key1,Loc1,517,1575748865
Key1,Loc2,518,1575748865
Key2,Loc1,519,1575748865
Key2,Loc2,520,1575748865
Key1,Loc1,521,1575748870
Key1,Loc2,522,1575748870
Key2,Loc1,523,1575748870
Key2,Loc2,524,1575748870
Key1,Loc1,525,1575748875
Key1,Loc2,526,1575748875
Key2,Loc1,527,1575748875
Key2,Loc2,528,1575748875
Key1,Loc1,529,1575748880
Key1,Loc2,530,1575748880
Key2,Loc1,531,1575748880
Key2,Loc2,532,1575748880
Key1,Loc1,533,1575748885
Key1,Loc2,534,1575748885
Key2,Loc1,535,1575748885
Key2,Loc2,536,1575748885
Key1,Loc1,537,1575748890
Key1,Loc2,538,1575748890
Key2,Loc1,539,1575748890
Key2,Loc2,540,1575748890
Key1,Loc1,541,1575748895
Key1,Loc2,542,1575748895
Key2,Loc1,543,1575748895
Key2,Loc2,544,1575748895
Key1,Loc1,545,1575748900
Key1,Loc2,546,1575748900
Key2,Loc1,547,1575748900
Key2,Loc2,548,1575748900
Key1,Loc1,549,1575748905
Key1,Loc2,550,1575748905
Key2,Loc1,551,1575748905
Key2,Loc2,552,1575748905
Key1,Loc1,553,1575748910
Key1,Loc2,554,1575748910
Key2,Loc1,555,1575748910
Key2,Loc2,556,1575748910
Key1,Loc1,557,1575748915
Key1,Loc2,558,1575748915
Key2,Loc1,559,1575748915
Key2,Loc2,560,1575748915
Key1,Loc1,561,1575748920
Key1,Loc2,562,1575748920
Key2,Loc1,563,1575748920
Key2,Loc2,564,1575748920
Key1,Loc1,565,1575748925
Key1,Loc2,566,1575748925
Key2,Loc1,567,1575748925
Key2,Loc2,568,1575748925
Key1,Loc1,569,1575748930
Key1,Loc2,570,1575748930
Key2,Loc1,571,1575748930
Key2,Loc2,572,1575748930
Key1,Loc1,573,1575748935
Key1,Loc2,574,1575748935
Key2,Loc1,575,1575748935
Key2,Loc2,576,1575748935
Key1,Loc1,577,1575749220
Key1,Loc2,578,1575749220
Key2,Loc1,579,1575749220
Key2,Loc2,580,1575749220
Key1,Loc1,581,1575749225
Key1,Loc2,582,1575749225
Key2,Loc1,583,1575749225
Key2,Loc2,584,1575749225
Key1,Loc1,585,1575749230
Key1,Loc2,586,1575749230
Key2,Loc1,587,1575749230
Key2,Loc2,588,1575749230
Key1,Loc1,589,1575749235
Key1,Loc2,590,1575749235
Key2,Loc1,591,1575749235
Key2,Loc2,592,1575749235
Key1,Loc1,593,1575749240
Key1,Loc2,594,1575749240
Key2,Loc1,595,1575749240
Key2,Loc2,596,1575749240
Key1,Loc1,597,1575749245
Key1,Loc2,598,1575749245
Key2,Loc1,599,1575749245
Key2,Loc2,600,1575749245
Key1,Loc1,601,1575749250
Key1,Loc2,602,1575749250
Key2,Loc1,603,1575749250
Key2,Loc2,604,1575749250
Key1,Loc1,605,1575749255
Key1,Loc2,606,1575749255
Key2,Loc1,607,1575749255
Key2,Loc2,608,1575749255
Key1,Loc1,609,1575749260
Key1,Loc2,610,1575749260
Key2,Loc1,611,1575749260
Key2,Loc2,612,1575749260
Key1,Loc1,613,1575749265
Key1,Loc2,614,1575749265
Key2,Loc1,615,1575749265
Key2,Loc2,616,1575749265
Key1,Loc1,617,1575749270
Key1,Loc2,618,1575749270
Key2,Loc1,619,1575749270
Key2,Loc2,620,1575749270
Key1,Loc1,621,1575749275
Key1,Loc2,622,1575749275
Key2,Loc1,623,1575749275
Key2,Loc2,624,1575749275
Key1,Loc1,625,1575749280
Key1,Loc2,626,1575749280
Key2,Loc1,627,1575749280
Key2,Loc2,628,1575749280
Key1,Loc1,629,1575749285
Key1,Loc2,630,1575749285
Key2,Loc1,631,1575749285
Key2,Loc2,632,1575749285
Key1,Loc1,633,1575749290
Key1,Loc2,634,1575749290
Key2,Loc1,635,1575749290
Key2,Loc2,636,1575749290
Key1,Loc1,637,1575749295
Key1,Loc2,638,1575749295
Key2,Loc1,639,1575749295
Key2,Loc2,640,1575749295
Key1,Loc1,641,1575749300
Key1,Loc2,642,1575749300
Key2,Loc1,643,1575749300
Key2,Loc2,644,1575749300
Key1,Loc1,645,1575749305
Key1,Loc2,646,1575749305
Key2,Loc1,647,1575749305
Key2,Loc2,648,1575749305
Key1,Loc1,649,1575749310
Key1,Loc2,650,1575749310
Key2,Loc1,651,1575749310
Key2,Loc2,652,1575749310
Key1,Loc1,653,1575749315
Key1,Loc2,654,1575749315
Key2,Loc1,655,1575749315
Key2,Loc2,656,1575749315
Key1,Loc1,657,1575749320
Key1,Loc2,658,1575749320
Key2,Loc1,659,1575749320
Key2,Loc2,660,1575749320
Key1,Loc1,661,1575749320
Key1,Loc2,662,1575749320
Key2,Loc1,663,1575749320
Key2,Loc2,664,1575749320
Key1,Loc1,665,1575749325
Key1,Loc2,666,1575749325
Key2,Loc1,667,1575749325
Key2,Loc2,668,1575749325
Key1,Loc1,669,1575749325
Key1,Loc2,670,1575749325
Key2,Loc1,671,1575749325
Key2,Loc2,672,1575749325
Key1,Loc1,673,1575749330
Key1,Loc2,674,1575749330
Key2,Loc1,675,1575749330
Key2,Loc2,676,1575749330
Key1,Loc1,677,1575749330
Key1,Loc2,678,1575749330
Key2,Loc1,679,1575749330
Key2,Loc2,680,1575749330
Key1,Loc1,681,1575749335
Key1,Loc2,682,1575749335
Key2,Loc1,683,1575749335
Key2,Loc2,684,1575749335
Key1,Loc1,685,1575749335
Key1,Loc2,686,1575749335
Key2,Loc1,687,1575749335
Key2,Loc2,688,1575749335
Key1,Loc1,689,1575749340
Key1,Loc2,690,1575749340
Key2,Loc1,691,1575749340
Key2,Loc2,692,1575749340
Key1,Loc1,693,1575749345
Key1,Loc2,694,1575749345
Key2,Loc1,695,1575749345
Key2,Loc2,696,1575749345
Key1,Loc1,697,1575749350
Key1,Loc2,698,1575749350
Key2,Loc1,699,1575749350
Key2,Loc2,700,1575749350
Key1,Loc1,701,1575749355
Key1,Loc2,702,1575749355
Key2,Loc1,703,1575749355
Key2,Loc2,704,1575749355
Key1,Loc1,705,1575749360
Key1,Loc2,706,1575749360
Key2,Loc1,707,1575749360
Key2,Loc2,708,1575749360
Key1,Loc1,709,1575749365
Key1,Loc2,710,1575749365
Key2,Loc1,711,1575749365
Key2,Loc2,712,1575749365
Key1,Loc1,713,1575749370
Key1,Loc2,714,1575749370
Key2,Loc1,715,1575749370
Key2,Loc2,716,1575749370
Key1,Loc1,717,1575749375
Key1,Loc2,718,1575749375
Key2,Loc1,719,1575749375
Key2,Loc2,720,1575749375
Key1,Loc1,721,1575749380
Key1,Loc2,722,1575749380
Key2,Loc1,723,1575749380
Key2,Loc2,724,1575749380
Key1,Loc1,725,1575749385
Key1,Loc2,726,1575749385
Key2,Loc1,727,1575749385
Key2,Loc2,728,1575749385
Key1,Loc1,729,1575749390
Key1,Loc2,730,1575749390
Key2,Loc1,731,1575749390
Key2,Loc2,732,1575749390
Key1,Loc1,733,1575749395
Key1,Loc2,734,1575749395
Key2,Loc1,735,1575749395
Key2,Loc2,736,1575749395
Key1,Loc1,737,1575749400
Key1,Loc2,738,1575749400
Key2,Loc1,739,1575749400
Key2,Loc2,740,1575749400
Key1,Loc1,741,1575749405
Key1,Loc2,742,1575749405
Key2,Loc1,743,1575749405
Key2,Loc2,744,1575749405
Key1,Loc1,745,1575749410
Key1,Loc2,746,1575749410
Key2,Loc1,747,1575749410
Key2,Loc2,748,1575749410
Key1,Loc1,749,1575749415
Key1,Loc2,750,1575749415
Key2,Loc1,751,1575749415
Key2,Loc2,752,1575749415
Key1,Loc1,753,1575749420
Key1,Loc2,754,1575749420
Key2,Loc1,755,1575749420
Key2,Loc2,756,1575749420
Key1,Loc1,757,1575749425
Key1,Loc2,758,1575749425
Key2,Loc1,759,1575749425
Key2,Loc2,760,1575749425
Key1,Loc1,761,1575749430
Key1,Loc2,762,1575749430
Key2,Loc1,763,1575749430
Key2,Loc2,764,1575749430
Key1,Loc1,765,1575749435
Key1,Loc2,766,1575749435
Key2,Loc1,767,1575749435
Key2,Loc2,768,1575749435
Key1,Loc1,769,1575750720
Key1,Loc2,770,1575750720
Key2,Loc1,771,1575750720
Key2,Loc2,772,1575750720
Key1,Loc1,773,1575750725
Key1,Loc2,774,1575750725
Key2,Loc1,775,1575750725
Key2,Loc2,776,1575750725
Key1,Loc1,777,1575750730
Key1,Loc2,778,1575750730
Key2,Loc1,779,1575750730
Key2,Loc2,780,1575750730
Key1,Loc1,781,1575750735
Key1,Loc2,782,1575750735
Key2,Loc1,783,1575750735
Key2,Loc2,784,1575750735
Key1,Loc1,785,1575750740
Key1,Loc2,786,1575750740
Key2,Loc1,787,1575750740
Key2,Loc2,788,1575750740
Key1,Loc1,789,1575750745
Key1,Loc2,790,1575750745
Key2,Loc1,791,1575750745
Key2,Loc2,792,1575750745
Key1,Loc1,793,1575750750
Key1,Loc2,794,1575750750
Key2,Loc1,795,1575750750
Key2,Loc2,796,1575750750
Key1,Loc1,797,1575750755
Key1,Loc2,798,1575750755
Key2,Loc1,799,1575750755
Key2,Loc2,800,1575750755
Key1,Loc1,801,1575750760
Key1,Loc2,802,1575750760
Key2,Loc1,803,1575750760
Key2,Loc2,804,1575750760
Key1,Loc1,805,1575750765
Key1,Loc2,806,1575750765
Key2,Loc1,807,1575750765
Key2,Loc2,808,1575750765
Key1,Loc1,809,1575750770
Key1,Loc2,810,1575750770
Key2,Loc1,811,1575750770
Key2,Loc2,812,1575750770
Key1,Loc1,813,1575750775
Key1,Loc2,814,1575750775
Key2,Loc1,815,1575750775
Key2,Loc2,816,1575750775
Key1,Loc1,817,1575750780
Key1,Loc2,818,1575750780
Key2,Loc1,819,1575750780
Key2,Loc2,820,1575750780
Key1,Loc1,821,1575750785
Key1,Loc2,822,1575750785
Key2,Loc1,823,1575750785
Key2,Loc2,824,1575750785
Key1,Loc1,825,1575750790
Key1,Loc2,826,1575750790
Key2,Loc1,827,1575750790
Key2,Loc2,828,1575750790
Key1,Loc1,829,1575750795
Key1,Loc2,830,1575750795
Key2,Loc1,831,1575750795
Key2,Loc2,832,1575750795
Key1,Loc1,833,1575750800
Key1,Loc2,834,1575750800
Key2,Loc1,835,1575750800
Key2,Loc2,836,1575750800
Key1,Loc1,837,1575750805
Key1,Loc2,838,1575750805
Key2,Loc1,839,1575750805
Key2,Loc2,840,1575750805
Key1,Loc1,841,1575750810
Key1,Loc2,842,1575750810
Key2,Loc1,843,1575750810
Key2,Loc2,844,1575750810
Key1,Loc1,845,1575750815
Key1,Loc2,846,1575750815
Key2,Loc1,847,1575750815
Key2,Loc2,848,1575750815
Key1,Loc1,849,1575750820
Key1,Loc2,850,1575750820
Key2,Loc1,851,1575750820
Key2,Loc2,852,1575750820
Key1,Loc1,853,1575750820
Key1,Loc2,854,1575750820
Key2,Loc1,855,1575750820
Key2,Loc2,856,1575750820
Key1,Loc1,857,1575750825
Key1,Loc2,858,1575750825
Key2,Loc1,859,1575750825
Key2,Loc2,860,1575750825
Key1,Loc1,861,1575750825
Key1,Loc2,862,1575750825
Key2,Loc1,863,1575750825
Key2,Loc2,864,1575750825
Key1,Loc1,865,1575750830
Key1,Loc2,866,1575750830
Key2,Loc1,867,1575750830
Key2,Loc2,868,1575750830
Key1,Loc1,869,1575750830
Key1,Loc2,870,1575750830
Key2,Loc1,871,1575750830
Key2,Loc2,872,1575750830
Key1,Loc1,873,1575750835
Key1,Loc2,874,1575750835
Key2,Loc1,875,1575750835
Key2,Loc2,876,1575750835
Key1,Loc1,877,1575750835
Key1,Loc2,878,1575750835
Key2,Loc1,879,1575750835
Key2,Loc2,880,1575750835
Key1,Loc1,881,1575750840
Key1,Loc2,882,1575750840
Key2,Loc1,883,1575750840
Key2,Loc2,884,1575750840
Key1,Loc1,885,1575750845
Key1,Loc2,886,1575750845
Key2,Loc1,887,1575750845
Key2,Loc2,888,1575750845
Key1,Loc1,889,1575750850
Key1,Loc2,890,1575750850
Key2,Loc1,891,1575750850
Key2,Loc2,892,1575750850
Key1,Loc1,893,1575750855
Key1,Loc2,894,1575750855
Key2,Loc1,895,1575750855
Key2,Loc2,896,1575750855
Key1,Loc1,897,1575750860
Key1,Loc2,898,1575750860
Key2,Loc1,899,1575750860
Key2,Loc2,900,1575750860
Key1,Loc1,901,1575750865
Key1,Loc2,902,1575750865
Key2,Loc1,903,1575750865
Key2,Loc2,904,1575750865
Key1,Loc1,905,1575750870
Key1,Loc2,906,1575750870
Key2,Loc1,907,1575750870
Key2,Loc2,908,1575750870
Key1,Loc1,909,1575750875
Key1,Loc2,910,1575750875
Key2,Loc1,911,1575750875
Key2,Loc2,912,1575750875
Key1,Loc1,913,1575750880
Key1,Loc2,914,1575750880
Key2,Loc1,915,1575750880
Key2,Loc2,916,1575750880
Key1,Loc1,917,1575750885
Key1,Loc2,918,1575750885
Key2,Loc1,919,1575750885
Key2,Loc2,920,1575750885
Key1,Loc1,921,1575750890
Key1,Loc2,922,1575750890
Key2,Loc1,923,1575750890
Key2,Loc2,924,1575750890
Key1,Loc1,925,1575750895
Key1,Loc2,926,1575750895
Key2,Loc1,927,1575750895
Key2,Loc2,928,1575750895
Key1,Loc1,929,1575750900
Key1,Loc2,930,1575750900
Key2,Loc1,931,1575750900
Key2,Loc2,932,1575750900
Key1,Loc1,933,1575750905
Key1,Loc2,934,1575750905
Key2,Loc1,935,1575750905
Key2,Loc2,936,1575750905
Key1,Loc1,937,1575750910
Key1,Loc2,938,1575750910
Key2,Loc1,939,1575750910
Key2,Loc2,940,1575750910
Key1,Loc1,941,1575750915
Key1,Loc2,942,1575750915
Key2,Loc1,943,1575750915
Key2,Loc2,944,1575750915
Key1,Loc1,945,1575750920
Key1,Loc2,946,1575750920
Key2,Loc1,947,1575750920
Key2,Loc2,948,1575750920
Key1,Loc1,949,1575750925
Key1,Loc2,950,1575750925
Key2,Loc1,951,1575750925
Key2,Loc2,952,1575750925
Key1,Loc1,953,1575750930
Key1,Loc2,954,1575750930
Key2,Loc1,955,1575750930
Key2,Loc2,956,1575750930
Key1,Loc1,957,1575750935
Key1,Loc2,958,1575750935
Key2,Loc1,959,1575750935
Key2,Loc2,960,1575750935
Key1,Loc1,961,1575751220
Key1,Loc2,962,1575751220
Key2,Loc1,963,1575751220
Key2,Loc2,964,1575751220
Key1,Loc1,965,1575751225
Key1,Loc2,966,1575751225
Key2,Loc1,967,1575751225
Key2,Loc2,968,1575751225
Key1,Loc1,969,1575751230
Key1,Loc2,970,1575751230
Key2,Loc1,971,1575751230
Key2,Loc2,972,1575751230
Key1,Loc1,973,1575751235
Key1,Loc2,974,1575751235
Key2,Loc1,975,1575751235
Key2,Loc2,976,1575751235
Key1,Loc1,977,1575751240
Key1,Loc2,978,1575751240
Key2,Loc1,979,1575751240
Key2,Loc2,980,1575751240
Key1,Loc1,981,1575751245
Key1,Loc2,982,1575751245
Key2,Loc1,983,1575751245
Key2,Loc2,984,1575751245
Key1,Loc1,985,1575751250
Key1,Loc2,986,1575751250
Key2,Loc1,987,1575751250
Key2,Loc2,988,1575751250
Key1,Loc1,989,1575751255
Key1,Loc2,990,1575751255
Key2,Loc1,991,1575751255
Key2,Loc2,992,1575751255
Key1,Loc1,993,1575751260
Key1,Loc2,994,1575751260
Key2,Loc1,995,1575751260
Key2,Loc2,996,1575751260
Key1,Loc1,997,1575751265
Key1,Loc2,998,1575751265
Key2,Loc1,999,1575751265
Key2,Loc2,1000,1575751265
Key1,Loc1,1001,1575751270
Key1,Loc2,1002,1575751270
Key2,Loc1,1003,1575751270
Key2,Loc2,1004,1575751270
Key1,Loc1,1005,1575751275
Key1,Loc2,1006,1575751275
Key2,Loc1,1007,1575751275
Key2,Loc2,1008,1575751275
Key1,Loc1,1009,1575751280
Key1,Loc2,1010,1575751280
Key2,Loc1,1011,1575751280
Key2,Loc2,1012,1575751280
Key1,Loc1,1013,1575751285
Key1,Loc2,1014,1575751285
Key2,Loc1,1015,1575751285
Key2,Loc2,1016,1575751285
Key1,Loc1,1017,1575751290
Key1,Loc2,1018,1575751290
Key2,Loc1,1019,1575751290
Key2,Loc2,1020,1575751290
Key1,Loc1,1021,1575751295
Key1,Loc2,1022,1575751295
Key2,Loc1,1023,1575751295
Key2,Loc2,1024,1575751295
Key1,Loc1,1025,1575751300
Key1,Loc2,1026,1575751300
Key2,Loc1,1027,1575751300
Key2,Loc2,1028,1575751300
Key1,Loc1,1029,1575751305
Key1,Loc2,1030,1575751305
Key2,Loc1,1031,1575751305
Key2,Loc2,1032,1575751305
Key1,Loc1,1033,1575751310
Key1,Loc2,1034,1575751310
Key2,Loc1,1035,1575751310
Key2,Loc2,1036,1575751310
Key1,Loc1,1037,1575751315
Key1,Loc2,1038,1575751315
Key2,Loc1,1039,1575751315
Key2,Loc2,1040,1575751315
Key1,Loc1,1041,1575751320
Key1,Loc2,1042,1575751320
Key2,Loc1,1043,1575751320
Key2,Loc2,1044,1575751320
Key1,Loc1,1045,1575751320
Key1,Loc2,1046,1575751320
Key2,Loc1,1047,1575751320
Key2,Loc2,1048,1575751320
Key1,Loc1,1049,1575751325
Key1,Loc2,1050,1575751325
Key2,Loc1,1051,1575751325
Key2,Loc2,1052,1575751325
Key1,Loc1,1053,1575751325
Key1,Loc2,1054,1575751325
Key2,Loc1,1055,1575751325
Key2,Loc2,1056,1575751325
Key1,Loc1,1057,1575751330
Key1,Loc2,1058,1575751330
Key2,Loc1,1059,1575751330
Key2,Loc2,1060,1575751330
Key1,Loc1,1061,1575751330
Key1,Loc2,1062,1575751330
Key2,Loc1,1063,1575751330
Key2,Loc2,1064,1575751330
Key1,Loc1,1065,1575751335
Key1,Loc2,1066,1575751335
Key2,Loc1,1067,1575751335
Key2,Loc2,1068,1575751335
Key1,Loc1,1069,1575751335
Key1,Loc2,1070,1575751335
Key2,Loc1,1071,1575751335
Key2,Loc2,1072,1575751335
Key1,Loc1,1073,1575751340
Key1,Loc2,1074,1575751340
Key2,Loc1,1075,1575751340
Key2,Loc2,1076,1575751340
Key1,Loc1,1077,1575751345
Key1,Loc2,1078,1575751345
Key2,Loc1,1079,1575751345
Key2,Loc2,1080,1575751345
Key1,Loc1,1081,1575751350
Key1,Loc2,1082,1575751350
Key2,Loc1,1083,1575751350
Key2,Loc2,1084,1575751350
Key1,Loc1,1085,1575751355
Key1,Loc2,1086,1575751355
Key2,Loc1,1087,1575751355
Key2,Loc2,1088,1575751355
Key1,Loc1,1089,1575751360
Key1,Loc2,1090,1575751360
Key2,Loc1,1091,1575751360
Key2,Loc2,1092,1575751360
Key1,Loc1,1093,1575751365
Key1,Loc2,1094,1575751365
Key2,Loc1,1095,1575751365
Key2,Loc2,1096,1575751365
Key1,Loc1,1097,1575751370
Key1,Loc2,1098,1575751370
Key2,Loc1,1099,1575751370
Key2,Loc2,1100,1575751370
Key1,Loc1,1101,1575751375
Key1,Loc2,1102,1575751375
Key2,Loc1,1103,1575751375
Key2,Loc2,1104,1575751375
Key1,Loc1,1105,1575751380
Key1,Loc2,1106,1575751380
Key2,Loc1,1107,1575751380
Key2,Loc2,1108,1575751380
Key1,Loc1,1109,1575751385
Key1,Loc2,1110,1575751385
Key2,Loc1,1111,1575751385
Key2,Loc2,1112,1575751385
Key1,Loc1,1113,1575751390
Key1,Loc2,1114,1575751390
Key2,Loc1,1115,1575751390
Key2,Loc2,1116,1575751390
Key1,Loc1,1117,1575751395
Key1,Loc2,1118,1575751395
Key2,Loc1,1119,1575751395
Key2,Loc2,1120,1575751395
Key1,Loc1,1121,1575751400
Key1,Loc2,1122,1575751400
Key2,Loc1,1123,1575751400
Key2,Loc2,1124,1575751400
Key1,Loc1,1125,1575751405
Key1,Loc2,1126,1575751405
Key2,Loc1,1127,1575751405
Key2,Loc2,1128,1575751405
Key1,Loc1,1129,1575751410
Key1,Loc2,1130,1575751410
Key2,Loc1,1131,1575751410
Key2,Loc2,1132,1575751410
Key1,Loc1,1133,1575751415
Key1,Loc2,1134,1575751415
Key2,Loc1,1135,1575751415
Key2,Loc2,1136,1575751415
Key1,Loc1,1137,1575751420
Key1,Loc2,1138,1575751420
Key2,Loc1,1139,1575751420
Key2,Loc2,1140,1575751420
Key1,Loc1,1141,1575751425
Key1,Loc2,1142,1575751425
Key2,Loc1,1143,1575751425
Key2,Loc2,1144,1575751425
Key1,Loc1,1145,1575751430
Key1,Loc2,1146,1575751430
Key2,Loc1,1147,1575751430
Key2,Loc2,1148,1575751430
Key1,Loc1,1149,1575751435
Key1,Loc2,1150,1575751435
Key2,Loc1,1151,1575751435
Key2,Loc2,1152,1575751435
Key1,Loc1,1153,1575751720
Key1,Loc2,1154,1575751720
Key2,Loc1,1155,1575751720
Key2,Loc2,1156,1575751720
Key1,Loc1,1157,1575751725
Key1,Loc2,1158,1575751725
Key2,Loc1,1159,1575751725
Key2,Loc2,1160,1575751725
Key1,Loc1,1161,1575751730
Key1,Loc2,1162,1575751730
Key2,Loc1,1163,1575751730
Key2,Loc2,1164,1575751730
Key1,Loc1,1165,1575751735
Key1,Loc2,1166,1575751735
Key2,Loc1,1167,1575751735
Key2,Loc2,1168,1575751735
Key1,Loc1,1169,1575751740
Key1,Loc2,1170,1575751740
Key2,Loc1,1171,1575751740
Key2,Loc2,1172,1575751740
Key1,Loc1,1173,1575751745
Key1,Loc2,1174,1575751745
Key2,Loc1,1175,1575751745
Key2,Loc2,1176,1575751745
Key1,Loc1,1177,1575751750
Key1,Loc2,1178,1575751750
Key2,Loc1,1179,1575751750
Key2,Loc2,1180,1575751750
Key1,Loc1,1181,1575751755
Key1,Loc2,1182,1575751755
Key2,Loc1,1183,1575751755
Key2,Loc2,1184,1575751755
Key1,Loc1,1185,1575751760
Key1,Loc2,1186,1575751760
Key2,Loc1,1187,1575751760
Key2,Loc2,1188,1575751760
Key1,Loc1,1189,1575751765
Key1,Loc2,1190,1575751765
Key2,Loc1,1191,1575751765
Key2,Loc2,1192,1575751765
Key1,Loc1,1193,1575751770
Key1,Loc2,1194,1575751770
Key2,Loc1,1195,1575751770
Key2,Loc2,1196,1575751770
Key1,Loc1,1197,1575751775
Key1,Loc2,1198,1575751775
Key2,Loc1,1199,1575751775
Key2,Loc2,1200,1575751775
Key1,Loc1,1201,1575751780
Key1,Loc2,1202,1575751780
Key2,Loc1,1203,1575751780
Key2,Loc2,1204,1575751780
Key1,Loc1,1205,1575751785
Key1,Loc2,1206,1575751785
Key2,Loc1,1207,1575751785
Key2,Loc2,1208,1575751785
Key1,Loc1,1209,1575751790
Key1,Loc2,1210,1575751790
Key2,Loc1,1211,1575751790
Key2,Loc2,1212,1575751790
Key1,Loc1,1213,1575751795
Key1,Loc2,1214,1575751795
Key2,Loc1,1215,1575751795
Key2,Loc2,1216,1575751795
Key1,Loc1,1217,1575751800
Key1,Loc2,1218,1575751800
Key2,Loc1,1219,1575751800
Key2,Loc2,1220,1575751800
Key1,Loc1,1221,1575751805
Key1,Loc2,1222,1575751805
Key2,Loc1,1223,1575751805
Key2,Loc2,1224,1575751805
Key1,Loc1,1225,1575751810
Key1,Loc2,1226,1575751810
Key2,Loc1,1227,1575751810
Key2,Loc2,1228,1575751810
Key1,Loc1,1229,1575751815
Key1,Loc2,1230,1575751815
Key2,Loc1,1231,1575751815
Key2,Loc2,1232,1575751815
Key1,Loc1,1233,1575751820
Key1,Loc2,1234,1575751820
Key2,Loc1,1235,1575751820
Key2,Loc2,1236,1575751820
Key1,Loc1,1237,1575751820
Key1,Loc2,1238,1575751820
Key2,Loc1,1239,1575751820
Key2,Loc2,1240,1575751820
Key1,Loc1,1241,1575751825
Key1,Loc2,1242,1575751825
Key2,Loc1,1243,1575751825
Key2,Loc2,1244,1575751825
Key1,Loc1,1245,1575751825
Key1,Loc2,1246,1575751825
Key2,Loc1,1247,1575751825
Key2,Loc2,1248,1575751825
Key1,Loc1,1249,1575751830
Key1,Loc2,1250,1575751830
Key2,Loc1,1251,1575751830
Key2,Loc2,1252,1575751830
Key1,Loc1,1253,1575751830
Key1,Loc2,1254,1575751830
Key2,Loc1,1255,1575751830
Key2,Loc2,1256,1575751830
Key1,Loc1,1257,1575751835
Key1,Loc2,1258,1575751835
Key2,Loc1,1259,1575751835
Key2,Loc2,1260,1575751835
Key1,Loc1,1261,1575751835
Key1,Loc2,1262,1575751835
Key2,Loc1,1263,1575751835
Key2,Loc2,1264,1575751835
Key1,Loc1,1265,1575751840
Key1,Loc2,1266,1575751840
Key2,Loc1,1267,1575751840
Key2,Loc2,1268,1575751840
Key1,Loc1,1269,1575751845
Key1,Loc2,1270,1575751845
Key2,Loc1,1271,1575751845
Key2,Loc2,1272,1575751845
Key1,Loc1,1273,1575751850
Key1,Loc2,1274,1575751850
Key2,Loc1,1275,1575751850
Key2,Loc2,1276,1575751850
Key1,Loc1,1277,1575751855
Key1,Loc2,1278,1575751855
Key2,Loc1,1279,1575751855
Key2,Loc2,1280,1575751855
Key1,Loc1,1281,1575751860
Key1,Loc2,1282,1575751860
Key2,Loc1,1283,1575751860
Key2,Loc2,1284,1575751860
Key1,Loc1,1285,1575751865
Key1,Loc2,1286,1575751865
Key2,Loc1,1287,1575751865
Key2,Loc2,1288,1575751865
Key1,Loc1,1289,1575751870
Key1,Loc2,1290,1575751870
Key2,Loc1,1291,1575751870
Key2,Loc2,1292,1575751870
Key1,Loc1,1293,1575751875
Key1,Loc2,1294,1575751875
Key2,Loc1,1295,1575751875
Key2,Loc2,1296,1575751875
Key1,Loc1,1297,1575751880
Key1,Loc2,1298,1575751880
Key2,Loc1,1299,1575751880
Key2,Loc2,1300,1575751880
Key1,Loc1,1301,1575751885
Key1,Loc2,1302,1575751885
Key2,Loc1,1303,1575751885
Key2,Loc2,1304,1575751885
Key1,Loc1,1305,1575751890
Key1,Loc2,1306,1575751890
Key2,Loc1,1307,1575751890
Key2,Loc2,1308,1575751890
Key1,Loc1,1309,1575751895
Key1,Loc2,1310,1575751895
Key2,Loc1,1311,1575751895
Key2,Loc2,1312,1575751895
Key1,Loc1,1313,1575751900
Key1,Loc2,1314,1575751900
Key2,Loc1,1315,1575751900
Key2,Loc2,1316,1575751900
Key1,Loc1,1317,1575751905
Key1,Loc2,1318,1575751905
Key2,Loc1,1319,1575751905
Key2,Loc2,1320,1575751905
Key1,Loc1,1321,1575751910
Key1,Loc2,1322,1575751910
Key2,Loc1,1323,1575751910
Key2,Loc2,1324,1575751910
Key1,Loc1,1325,1575751915
Key1,Loc2,1326,1575751915
Key2,Loc1,1327,1575751915
Key2,Loc2,1328,1575751915
Key1,Loc1,1329,1575751920
Key1,Loc2,1330,1575751920
Key2,Loc1,1331,1575751920
Key2,Loc2,1332,1575751920
Key1,Loc1,1333,1575751925
Key1,Loc2,1334,1575751925
Key2,Loc1,1335,1575751925
Key2,Loc2,1336,1575751925
Key1,Loc1,1337,1575751930
Key1,Loc2,1338,1575751930
Key2,Loc1,1339,1575751930
Key2,Loc2,1340,1575751930
Key1,Loc1,1341,1575751935
Key1,Loc2,1342,1575751935
Key2,Loc1,1343,1575751935
Key2,Loc2,1344,1575751935
Key1,Loc1,1345,1575752220
Key1,Loc2,1346,1575752220
Key2,Loc1,1347,1575752220
Key2,Loc2,1348,1575752220
Key1,Loc1,1349,1575752225
Key1,Loc2,1350,1575752225
Key2,Loc1,1351,1575752225
Key2,Loc2,1352,1575752225
Key1,Loc1,1353,1575752230
Key1,Loc2,1354,1575752230
Key2,Loc1,1355,1575752230
Key2,Loc2,1356,1575752230
Key1,Loc1,1357,1575752235
Key1,Loc2,1358,1575752235
Key2,Loc1,1359,1575752235
Key2,Loc2,1360,1575752235
Key1,Loc1,1361,1575752240
Key1,Loc2,1362,1575752240
Key2,Loc1,1363,1575752240
Key2,Loc2,1364,1575752240
Key1,Loc1,1365,1575752245
Key1,Loc2,1366,1575752245
Key2,Loc1,1367,1575752245
Key2,Loc2,1368,1575752245
Key1,Loc1,1369,1575752250
Key1,Loc2,1370,1575752250
Key2,Loc1,1371,1575752250
Key2,Loc2,1372,1575752250
Key1,Loc1,1373,1575752255
Key1,Loc2,1374,1575752255
Key2,Loc1,1375,1575752255
Key2,Loc2,1376,1575752255
Key1,Loc1,1377,1575752260
Key1,Loc2,1378,1575752260
Key2,Loc1,1379,1575752260
Key2,Loc2,1380,1575752260
Key1,Loc1,1381,1575752265
Key1,Loc2,1382,1575752265
Key2,Loc1,1383,1575752265
Key2,Loc2,1384,1575752265
Key1,Loc1,1385,1575752270
Key1,Loc2,1386,1575752270
Key2,Loc1,1387,1575752270
Key2,Loc2,1388,1575752270
Key1,Loc1,1389,1575752275
Key1,Loc2,1390,1575752275
Key2,Loc1,1391,1575752275
Key2,Loc2,1392,1575752275
Key1,Loc1,1393,1575752280
Key1,Loc2,1394,1575752280
Key2,Loc1,1395,1575752280
Key2,Loc2,1396,1575752280
Key1,Loc1,1397,1575752285
Key1,Loc2,1398,1575752285
Key2,Loc1,1399,1575752285
Key2,Loc2,1400,1575752285
Key1,Loc1,1401,1575752290
Key1,Loc2,1402,1575752290
Key2,Loc1,1403,1575752290
Key2,Loc2,1404,1575752290
Key1,Loc1,1405,1575752295
Key1,Loc2,1406,1575752295
Key2,Loc1,1407,1575752295
Key2,Loc2,1408,1575752295
Key1,Loc1,1409,1575752300
Key1,Loc2,1410,1575752300
Key2,Loc1,1411,1575752300
Key2,Loc2,1412,1575752300
Key1,Loc1,1413,1575752305
Key1,Loc2,1414,1575752305
Key2,Loc1,1415,1575752305
Key2,Loc2,1416,1575752305
Key1,Loc1,1417,1575752310
Key1,Loc2,1418,1575752310
Key2,Loc1,1419,1575752310
Key2,Loc2,1420,1575752310
Key1,Loc1,1421,1575752315
Key1,Loc2,1422,1575752315
Key2,Loc1,1423,1575752315
Key2,Loc2,1424,1575752315
Key1,Loc1,1425,1575752320
Key1,Loc2,1426,1575752320
Key2,Loc1,1427,1575752320
Key2,Loc2,1428,1575752320
Key1,Loc1,1429,1575752320
Key1,Loc2,1430,1575752320
Key2,Loc1,1431,1575752320
Key2,Loc2,1432,1575752320
Key1,Loc1,1433,1575752325
Key1,Loc2,1434,1575752325
Key2,Loc1,1435,1575752325
Key2,Loc2,1436,1575752325
Key1,Loc1,1437,1575752325
Key1,Loc2,1438,1575752325
Key2,Loc1,1439,1575752325
Key2,Loc2,1440,1575752325
Key1,Loc1,1441,1575752330
Key1,Loc2,1442,1575752330
Key2,Loc1,1443,1575752330
Key2,Loc2,1444,1575752330
Key1,Loc1,1445,1575752330
Key1,Loc2,1446,1575752330
Key2,Loc1,1447,1575752330
Key2,Loc2,1448,1575752330
Key1,Loc1,1449,1575752335
Key1,Loc2,1450,1575752335
Key2,Loc1,1451,1575752335
Key2,Loc2,1452,1575752335
Key1,Loc1,1453,1575752335
Key1,Loc2,1454,1575752335
Key2,Loc1,1455,1575752335
Key2,Loc2,1456,1575752335
Key1,Loc1,1457,1575752340
Key1,Loc2,1458,1575752340
Key2,Loc1,1459,1575752340
Key2,Loc2,1460,1575752340
Key1,Loc1,1461,1575752345
Key1,Loc2,1462,1575752345
Key2,Loc1,1463,1575752345
Key2,Loc2,1464,1575752345
Key1,Loc1,1465,1575752350
Key1,Loc2,1466,1575752350
Key2,Loc1,1467,1575752350
Key2,Loc2,1468,1575752350
Key1,Loc1,1469,1575752355
Key1,Loc2,1470,1575752355
Key2,Loc1,1471,1575752355
Key2,Loc2,1472,1575752355
Key1,Loc1,1473,1575752360
Key1,Loc2,1474,1575752360
Key2,Loc1,1475,1575752360
Key2,Loc2,1476,1575752360
Key1,Loc1,1477,1575752365
Key1,Loc2,1478,1575752365
Key2,Loc1,1479,1575752365
Key2,Loc2,1480,1575752365
Key1,Loc1,1481,1575752370
Key1,Loc2,1482,1575752370
Key2,Loc1,1483,1575752370
Key2,Loc2,1484,1575752370
Key1,Loc1,1485,1575752375
Key1,Loc2,1486,1575752375
Key2,Loc1,1487,1575752375
Key2,Loc2,1488,1575752375
Key1,Loc1,1489,1575752380
Key1,Loc2,1490,1575752380
Key2,Loc1,1491,1575752380
Key2,Loc2,1492,1575752380
Key1,Loc1,1493,1575752385
Key1,Loc2,1494,1575752385
Key2,Loc1,1495,1575752385
Key2,Loc2,1496,1575752385
Key1,Loc1,1497,1575752390
Key1,Loc2,1498,1575752390
Key2,Loc1,1499,1575752390
Key2,Loc2,1500,1575752390
Key1,Loc1,1501,1575752395
Key1,Loc2,1502,1575752395
Key2,Loc1,1503,1575752395
Key2,Loc2,1504,1575752395
Key1,Loc1,1505,1575752400
Key1,Loc2,1506,1575752400
Key2,Loc1,1507,1575752400
Key2,Loc2,1508,1575752400
Key1,Loc1,1509,1575752405
Key1,Loc2,1510,1575752405
Key2,Loc1,1511,1575752405
Key2,Loc2,1512,1575752405
Key1,Loc1,1513,1575752410
Key1,Loc2,1514,1575752410
Key2,Loc1,1515,1575752410
Key2,Loc2,1516,1575752410
Key1,Loc1,1517,1575752415
Key1,Loc2,1518,1575752415
Key2,Loc1,1519,1575752415
Key2,Loc2,1520,1575752415
Key1,Loc1,1521,1575752420
Key1,Loc2,1522,1575752420
Key2,Loc1,1523,1575752420
Key2,Loc2,1524,1575752420
Key1,Loc1,1525,1575752425
Key1,Loc2,1526,1575752425
Key2,Loc1,1527,1575752425
Key2,Loc2,1528,1575752425
Key1,Loc1,1529,1575752430
Key1,Loc2,1530,1575752430
Key2,Loc1,1531,1575752430
Key2,Loc2,1532,1575752430
Key1,Loc1,1533,1575752435
Key1,Loc2,1534,1575752435
Key2,Loc1,1535,1575752435
Key2,Loc2,1536,1575752435
